page,clicks,impressions,ctr,position
https://ink-flows.com/features/tattoo-pos-system/,0.0,140.0,0.0,80.63
https://ink-flows.com/,1.0,125.0,0.008,29.7
https://ink-flows.com/compare/best-tattoo-studio-software,0.0,81.0,0.0,77.79
https://ink-flows.com/features/tattoo-booking-software/,0.0,79.0,0.0,72.22
https://ink-flows.com/features/tattoo-booking-software,0.0,72.0,0.0,62.26
https://ink-flows.com/compare/best-tattoo-studio-software/,0.0,48.0,0.0,52.42
https://ink-flows.com/free-tools/tattoo-price-calculator/,0.0,44.0,0.0,66.55
https://ink-flows.com/download/,0.0,41.0,0.0,34.02
https://ink-flows.com/free-tools/tattoo-price-calculator,0.0,37.0,0.0,76.27
https://ink-flows.com/features/tattoo-crm-software/,0.0,34.0,0.0,67.65
https://ink-flows.com/features/aftercare/,0.0,31.0,0.0,71.94
https://ink-flows.com/features/tattoo-waiver-software/,0.0,30.0,0.0,50.83
https://ink-flows.com/meaning/,0.0,28.0,0.0,78.79
https://www.ink-flows.com/,0.0,24.0,0.0,37.75
https://ink-flows.com/online-tattoo-booking,0.0,24.0,0.0,88.0
https://ink-flows.com/templates/,0.0,21.0,0.0,39.9
https://ink-flows.com/pricing,0.0,18.0,0.0,20.11
https://ink-flows.com/compare/booksy/,0.0,14.0,0.0,12.79
https://ink-flows.com/meaning/wave,0.0,14.0,0.0,35.5
https://ink-flows.com/features,0.0,14.0,0.0,74.86
https://ink-flows.com/download,0.0,13.0,0.0,29.54
https://ink-flows.com/contact/,0.0,13.0,0.0,50.92
https://ink-flows.com/free-tools/free-waiver-generator/,0.0,13.0,0.0,68.54
https://ink-flows.com/features/tattoo-waiver-software,0.0,12.0,0.0,35.25
https://ink-flows.com/about/,0.0,12.0,0.0,44.08
https://ink-flows.com/pricing/,0.0,11.0,0.0,20.18
https://www.ink-flows.com/download,0.0,11.0,0.0,31.09
https://ink-flows.com/free-tools/tattoo-meaning-finder/,1.0,10.0,0.1,27.3
https://ink-flows.com/meaning/wave/,0.0,10.0,0.0,28.7
https://ink-flows.com/online-tattoo-booking/,0.0,10.0,0.0,85.1
https://ink-flows.com/contact,0.0,7.0,0.0,4.14
https://ink-flows.com/privacy,0.0,7.0,0.0,5.43
https://ink-flows.com/features/free-tattoo-website/,0.0,7.0,0.0,6.14
https://ink-flows.com/blog/tattoo-inventory-guide/,0.0,7.0,0.0,7.29
https://ink-flows.com/about,0.0,7.0,0.0,29.86
https://ink-flows.com/privacy/,0.0,6.0,0.0,4.33
https://ink-flows.com/compare/vagaro/,0.0,6.0,0.0,13.17
https://ink-flows.com/blog/tattoo-aftercare-automation/,0.0,5.0,0.0,7.2
http://ink-flows.com/,0.0,5.0,0.0,8.2
https://ink-flows.com/compare/vagaro,0.0,5.0,0.0,9.0
https://ink-flows.com/blog/how-to-digitize-tattoo-waivers/,0.0,5.0,0.0,9.6
https://ink-flows.com/templates,0.0,5.0,0.0,25.8
https://ink-flows.com/free-tools/tattoo-meaning-finder,0.0,5.0,0.0,34.6
https://ink-flows.com/features/tattoo-payment-processing/,0.0,5.0,0.0,39.0
https://ink-flows.com/meaning/tree-of-life/,0.0,5.0,0.0,46.4
https://ink-flows.com/features/tattoo-crm-software,0.0,5.0,0.0,63.6
https://ink-flows.com/free-tools/free-waiver-generator,0.0,5.0,0.0,66.0
https://ink-flows.com/features/,0.0,4.0,0.0,6.0
https://ink-flows.com/blog,0.0,4.0,0.0,8.25
https://ink-flows.com/free-tools/no-show-calculator,0.0,3.0,0.0,2.67
https://ink-flows.com/features/tattoo-compliance-software,0.0,3.0,0.0,4.67
https://ink-flows.com/features/tattoo-marketing-automation/,0.0,3.0,0.0,5.33
https://ink-flows.com/compare/tattoo-studio-pro/,0.0,3.0,0.0,29.67
https://ink-flows.com/compare/tattoo-studio-pro,0.0,3.0,0.0,52.33
https://ink-flows.com/compare/tattoogenda/,0.0,2.0,0.0,4.5
https://ink-flows.com/terms,0.0,2.0,0.0,5.0
https://ink-flows.com/terms/,0.0,2.0,0.0,6.5
https://ink-flows.com/blog/tattoo-aftercare-email-automation,0.0,2.0,0.0,7.0
https://ink-flows.com/blog/tattoo-aftercare-email-automation/,0.0,2.0,0.0,26.0
https://ink-flows.com/blog/,0.0,2.0,0.0,72.0
https://ink-flows.com/blog/reduce-no-shows-deposit-booking,0.0,1.0,0.0,3.0
https://ink-flows.com/blog/tattoo-aftercare-automation,0.0,1.0,0.0,3.0
https://ink-flows.com/blog/tattoo-inventory-guide,0.0,1.0,0.0,7.0
https://ink-flows.com/free-tools/aftercare-email-generator,0.0,1.0,0.0,7.0
https://ink-flows.com/compare/booksy,0.0,1.0,0.0,9.0
https://ink-flows.com/features/tattoo-aftercare-software-automation,0.0,1.0,0.0,9.0
https://ink-flows.com/features/tattoo-aftercare-software-automation/,0.0,1.0,0.0,10.0
https://ink-flows.com/features/tattoo-compliance-software/,0.0,1.0,0.0,10.0
https://ink-flows.com/features/tattoo-payment-processing,0.0,1.0,0.0,11.0
https://ink-flows.com/compare/tattoogenda,0.0,1.0,0.0,23.0
https://ink-flows.com/free-tools/aftercare-email-generator/,0.0,1.0,0.0,50.0
https://ink-flows.com/features/aftercare,0.0,1.0,0.0,65.0
https://ink-flows.com/meaning/lotus/,0.0,1.0,0.0,67.0
https://ink-flows.com/meaning/lotus,0.0,1.0,0.0,85.0
